{
  "0": {
    "0": {
      "name": 0,
      "learningrate": 0.02363529584846931,
      "dropout": 0.27935830538762085,
      "epoch": 6.290242546465064,
      "batchsize": 36.18447060671945,
      "acc": 0.7262592592592593,
      "loss": 0.6745117390862218
    },
    "1": {
      "name": 1,
      "learningrate": 0.06783916378380395,
      "dropout": 0.4097816289648214,
      "epoch": 9.27381187164179,
      "batchsize": 49.80383843256736,
      "acc": 0.18137037037037038,
      "loss": 13.192903843067311
    },
    "2": {
      "name": 2,
      "learningrate": 0.030845870679931872,
      "dropout": 0.4894033800877837,
      "epoch": 5.982298157946339,
      "batchsize": 54.8293714114146,
      "acc": 0.6817777777777778,
      "loss": 0.8366957474284702
    },
    "3": {
      "name": 3,
      "learningrate": 0.08610271791082887,
      "dropout": 0.34004380035198,
      "epoch": 7.719544474528206,
      "batchsize": 58.30297920042645,
      "acc": 0.2809074074074074,
      "loss": 11.590322006225586
    },
    "4": {
      "name": 4,
      "learningrate": 0.06689597808556164,
      "dropout": 0.4841600855900244,
      "epoch": 5.036653662958626,
      "batchsize": 40.6158999088116,
      "acc": 0.2624074074074074,
      "loss": 11.868478706642433
    },
    "5": {
      "name": 5,
      "learningrate": 0.005651195842704057,
      "dropout": 0.4583997303063767,
      "epoch": 9.553419892494325,
      "batchsize": 45.00265718979277,
      "acc": 0.8176851851851852,
      "loss": 0.5074904177806996
    },
    "6": {
      "name": 6,
      "learningrate": 0.09586257587056825,
      "dropout": 0.3512682571124725,
      "epoch": 9.457905080394337,
      "batchsize": 55.94984042985862,
      "acc": 0.199,
      "loss": 12.910595611572266
    },
    "7": {
      "name": 7,
      "learningrate": 0.0968376546780406,
      "dropout": 0.11030520084349851,
      "epoch": 5.992089232389493,
      "batchsize": 57.394936488768124,
      "acc": 0.09996296296296296,
      "loss": 14.506882636741356
    },
    "8": {
      "name": 8,
      "learningrate": 0.05390095930204873,
      "dropout": 0.24471314220304274,
      "epoch": 6.389518865276594,
      "batchsize": 59.477116328053356,
      "acc": 0.37222222222222223,
      "loss": 10.113898818122015
    },
    "9": {
      "name": 9,
      "learningrate": 0.08984659590529931,
      "dropout": 0.2694209478151553,
      "epoch": 5.016992795116716,
      "batchsize": 55.06597949900481,
      "acc": 0.10018518518518518,
      "loss": 14.50330083154749
    }
  },
  "1": {
    "0": {
      "name": 0,
      "learningrate": 0.005651195842704057,
      "dropout": 0.4583997303063767,
      "epoch": 9.553419892494325,
      "batchsize": 45.00265718979277,
      "acc": 0.8240925925925926,
      "loss": 0.4844133778589743
    },
    "1": {
      "name": 1,
      "learningrate": 0.02363529584846931,
      "dropout": 0.27935830538762085,
      "epoch": 6.290242546465064,
      "batchsize": 36.18447060671945,
      "acc": 0.7540370370370371,
      "loss": 0.720365576284903
    },
    "2": {
      "name": 2,
      "learningrate": 0.030845870679931872,
      "dropout": 0.4894033800877837,
      "epoch": 5.982298157946339,
      "batchsize": 54.8293714114146,
      "acc": 0.5659074074074074,
      "loss": 1.0661906882921854
    },
    "3": {
      "name": 3,
      "learningrate": 0.02363529584846931,
      "dropout": 0.4583997303063767,
      "epoch": 6.290242546465064,
      "batchsize": 36.18447060671945,
      "acc": 0.6742407407407407,
      "loss": 0.9125650567831817
    },
    "4": {
      "name": 4,
      "learningrate": 0.02363529584846931,
      "dropout": 0.4894033800877837,
      "epoch": 5.982298157946339,
      "batchsize": 36.18447060671945,
      "acc": 0.6653148148148148,
      "loss": 0.8633918271241364
    },
    "5": {
      "name": 5,
      "learningrate": 0.030845870679931872,
      "dropout": 0.4894033800877837,
      "epoch": 9.553419892494325,
      "batchsize": 54.8293714114146,
      "acc": 0.6822407407407407,
      "loss": 0.91324619268488
    },
    "6": {
      "name": 6,
      "learningrate": 0.005651195842704057,
      "dropout": 0.4583997303063767,
      "epoch": 6.290242546465064,
      "batchsize": 36.18447060671945,
      "acc": 0.7907592592592593,
      "loss": 0.534047707248617
    },
    "7": {
      "name": 7,
      "learningrate": 0.030845870679931872,
      "dropout": 0.4894033800877837,
      "epoch": 5.982298157946339,
      "batchsize": 54.8293714114146,
      "acc": 0.6672037037037037,
      "loss": 0.967489782721908
    },
    "8": {
      "name": 8,
      "learningrate": 0.030845870679931872,
      "dropout": 0.4583997303063767,
      "epoch": 9.553419892494325,
      "batchsize": 45.00265718979277,
      "acc": 0.6255185185185185,
      "loss": 0.9891290740790191
    },
    "9": {
      "name": 9,
      "learningrate": 0.005651195842704057,
      "dropout": 0.4583997303063767,
      "epoch": 9.553419892494325,
      "batchsize": 54.8293714114146,
      "acc": 0.8277037037037037,
      "loss": 0.4811933055674588
    }
  },
  "2": {
    "0": {
      "name": 0,
      "learningrate": 0.005651195842704057,
      "dropout": 0.4583997303063767,
      "epoch": 9.553419892494325,
      "batchsize": 54.8293714114146,
      "acc": 0.8277222222222222,
      "loss": 0.4820649343861474
    },
    "1": {
      "name": 1,
      "learningrate": 0.005651195842704057,
      "dropout": 0.4583997303063767,
      "epoch": 9.553419892494325,
      "batchsize": 45.00265718979277,
      "acc": 0.8313888888888888,
      "loss": 0.47982538397665375
    },
    "2": {
      "name": 2,
      "learningrate": 0.005651195842704057,
      "dropout": 0.4583997303063767,
      "epoch": 6.290242546465064,
      "batchsize": 36.18447060671945,
      "acc": 0.8155,
      "loss": 0.529047697711874
    },
    "3": {
      "name": 3,
      "learningrate": 0.005651195842704057,
      "dropout": 0.4583997303063767,
      "epoch": 9.553419892494325,
      "batchsize": 36.18447060671945,
      "acc": 0.8300740740740741,
      "loss": 0.4808514704792588
    },
    "4": {
      "name": 4,
      "learningrate": 0.005651195842704057,
      "dropout": 0.4583997303063767,
      "epoch": 9.553419892494325,
      "batchsize": 36.18447060671945,
      "acc": 0.8153888888888889,
      "loss": 0.5130491489878407
    },
    "5": {
      "name": 5,
      "learningrate": 0.005651195842704057,
      "dropout": 0.4583997303063767,
      "epoch": 9.553419892494325,
      "batchsize": 54.8293714114146,
      "acc": 0.8224074074074074,
      "loss": 0.49542200635097644
    },
    "6": {
      "name": 6,
      "learningrate": 0.005651195842704057,
      "dropout": 0.4583997303063767,
      "epoch": 9.553419892494325,
      "batchsize": 36.18447060671945,
      "acc": 0.8223148148148148,
      "loss": 0.5004676010917735
    },
    "7": {
      "name": 7,
      "learningrate": 0.005651195842704057,
      "dropout": 0.4583997303063767,
      "epoch": 6.290242546465064,
      "batchsize": 45.00265718979277,
      "acc": 0.8202592592592592,
      "loss": 0.49117942084206473
    },
    "8": {
      "name": 8,
      "learningrate": 0.005651195842704057,
      "dropout": 0.4583997303063767,
      "epoch": 6.290242546465064,
      "batchsize": 36.18447060671945,
      "acc": 0.815962962962963,
      "loss": 0.4991716239893878
    },
    "9": {
      "name": 9,
      "learningrate": 0.005651195842704057,
      "dropout": 0.4583997303063767,
      "epoch": 9.553419892494325,
      "batchsize": 36.18447060671945,
      "acc": 0.8130555555555555,
      "loss": 0.522742606639862
    }
  },
  "3": {
    "0": {
      "name": 0,
      "learningrate": 0.005651195842704057,
      "dropout": 0.4583997303063767,
      "epoch": 9.553419892494325,
      "batchsize": 45.00265718979277,
      "acc": 0.8183333333333334,
      "loss": 0.49538803944764315
    },
    "1": {
      "name": 1,
      "learningrate": 0.005651195842704057,
      "dropout": 0.4583997303063767,