{
  "0": {
    "0": {
      "name": 0,
      "learningrate": 0.020042997910963388,
      "dropout": 0.11940473252800596,
      "epoch": 9.958500902318175,
      "batchsize": 32.29667334873242,
      "acc": 0.7877962962962963,
      "loss": 0.6461898721677286
    },
    "1": {
      "name": 1,
      "learningrate": 0.02305978054233131,
      "dropout": 0.291397860477146,
      "epoch": 8.950523015604226,
      "batchsize": 42.109280505039976,
      "acc": 0.7694444444444445,
      "loss": 0.754246008016445
    },
    "2": {
      "name": 2,
      "learningrate": 0.03979993806106719,
      "dropout": 0.23774382920211823,
      "epoch": 7.0505262147699295,
      "batchsize": 52.72183456449679,
      "acc": 0.6315740740740741,
      "loss": 0.9485668992113184
    },
    "3": {
      "name": 3,
      "learningrate": 0.05077810656725304,
      "dropout": 0.3369046020896795,
      "epoch": 5.018384140974616,
      "batchsize": 42.35517225977865,
      "acc": 0.45635185185185184,
      "loss": 1.319265247768826
    },
    "4": {
      "name": 4,
      "learningrate": 0.05463360264559831,
      "dropout": 0.12364336964475754,
      "epoch": 5.035775895012215,
      "batchsize": 51.54783132554296,
      "acc": 0.4085740740740741,
      "loss": 9.491581777784559
    },
    "5": {
      "name": 5,
      "learningrate": 0.06434054445572923,
      "dropout": 0.23805144070686568,
      "epoch": 7.937669056905152,
      "batchsize": 42.49958381885958,
      "acc": 0.35933333333333334,
      "loss": 10.318411012155039
    },
    "6": {
      "name": 6,
      "learningrate": 0.07700564743961673,
      "dropout": 0.4070737293116291,
      "epoch": 7.2131294574233475,
      "batchsize": 49.44971535159184,
      "acc": 0.1997962962962963,
      "loss": 12.897760530542444
    },
    "7": {
      "name": 7,
      "learningrate": 0.0693357665022353,
      "dropout": 0.10609663256501467,
      "epoch": 6.13355719301594,
      "batchsize": 57.33707255792608,
      "acc": 0.19946296296296295,
      "loss": 12.90313240644667
    },
    "8": {
      "name": 8,
      "learningrate": 0.09389571455481426,
      "dropout": 0.3510834242106681,
      "epoch": 7.57609315873611,
      "batchsize": 46.62126300747419,
      "acc": 0.1826111111111111,
      "loss": 13.173832117151331
    },
    "9": {
      "name": 9,
      "learningrate": 0.09296896027758914,
      "dropout": 0.15604032923624736,
      "epoch": 5.424746032241876,
      "batchsize": 50.16492318690136,
      "acc": 0.10011111111111111,
      "loss": 14.504496705514413
    }
  },
  "1": {
    "0": {
      "name": 0,
      "learningrate": 0.01484815443291117,
      "dropout": 0.20859330052312902,
      "epoch": 9.034329525588706,
      "batchsize": 47.61147551812651,
      "acc": 0.8087037037037037,
      "loss": 0.6007566524258366
    },
    "1": {
      "name": 1,
      "learningrate": 0.020042997910963388,
      "dropout": 0.11940473252800596,
      "epoch": 9.958500902318175,
      "batchsize": 32.29667334873242,
      "acc": 0.7980185185185186,
      "loss": 0.6045181085180353
    },
    "2": {
      "name": 2,
      "learningrate": 0.012280626626613137,
      "dropout": 0.2809554895482237,
      "epoch": 6.761731771855988,
      "batchsize": 39.73872904241498,
      "acc": 0.7708148148148148,
      "loss": 0.5921399121107879
    },
    "3": {
      "name": 3,
      "learningrate": 0.02305978054233131,
      "dropout": 0.291397860477146,
      "epoch": 8.950523015604226,
      "batchsize": 42.109280505039976,
      "acc": 0.7512777777777778,
      "loss": 0.680228580209944
    },
    "4": {
      "name": 4,
      "learningrate": 0.05078,
      "dropout": 0.23774,
      "epoch": 5.01838,
      "batchsize": 42.35517,
      "acc": 0.19903703703703704,
      "loss": 12.909712784096047
    },
    "5": {
      "name": 5,
      "learningrate": 0.06934,
      "dropout": 0.1061,
      "epoch": 9.9585,
      "batchsize": 32.29667,
      "acc": 0.1988148148148148,
      "loss": 12.91357999363652
    }
  },
  "2": {
    "0": {
      "name": 0,
      "learningrate": 0.01484815443291117,
      "dropout": 0.20859330052312902,
      "epoch": 9.034329525588706,
      "batchsize": 47.61147551812651,
      "acc": 0.8207222222222222,
      "loss": 0.5456129245404844
    },
    "1": {
      "name": 1,
      "learningrate": 0.01228,
      "dropout": 0.1194,
      "epoch": 6.76173,
      "batchsize": 39.73873,
      "acc": 0.8071666666666667,
      "loss": 0.5490027539994982
    },
    "2": {
      "name": 2,
      "learningrate": 0.01228,
      "dropout": 0.28096,
      "epoch": 6.76173,
      "batchsize": 47.61148,
      "acc": 0.8052592592592592,
      "loss": 0.5381825722058614
    },
    "3": {
      "name": 3,
      "learningrate": 0.009192688035910617,
      "dropout": 0.29647451249436496,
      "epoch": 5.227334691733571,
      "batchsize": 41.249306982357986,
      "acc": 0.7749444444444444,
      "loss": 0.5603299428092109
    },
    "4": {
      "name": 4,
      "learningrate": 0.020042997910963388,
      "dropout": 0.11940473252800596,
      "epoch": 9.958500902318175,
      "batchsize": 32.29667334873242,
      "acc": 0.7698888888888888,
      "loss": 0.6477008473608229
    },
    "5": {
      "name": 5,
      "learningrate": 0.04147945426666942,
      "dropout": 0.09730204160849273,
      "epoch": 8.007151509328626,
      "batchsize": 53.242919492365225,
      "acc": 0.7466851851851852,
      "loss": 0.7473091614776187
    }
  },
  "3": {
    "0": {
      "name": 0,
      "learningrate": 0.01228,
      "dropout": 0.20859,
      "epoch": 6.76173,
      "batchsize": 47.61148,
      "acc": 0.8193888888888889,
      "loss": 0.5130368879194613
    },
    "1": {
      "name": 1,
      "learningrate": 0.01484815443291117,
      "dropout": 0.20859330052312902,
      "epoch": 9.034329525588706,
      "batchsize": 47.61147551812651,
      "acc": 0.8135555555555556,
      "loss": 0.5650367776817745
    },
    "2": {
      "name": 2,
      "learningrate": 0.01228,
      "dropout": 0.28096,
      "epoch": 6.76173,
      "batchsize": 39.73873,
      "acc": 0.7743518518518518,
      "loss": 0.6193073953522577
    },
    "3": {
      "name": 3,
      "learningrate": 0.01228,
      "dropout": 0.1194,
      "epoch": 6.76173,
      "batchsize": 39.73873,
      "acc": 0.7563148148148148,
      "loss": 0.6057356109089321
    },
    "4": {
      "name": 4,
      "learningrate": 0.04199315542621487,
      "dropout": 0.15183965849817685,
      "epoch": 6.98327515123236,
      "batchsize": 58.00648035184737,
      "acc": 0.6861481481481482,
      "loss": 0.8692764165313156
    },
    "5": {
      "name": 5,
      "learningrate": 0.09481089483775781,
      "dropout": 0.18978321910857782,
      "epoch": 7.459813169271754,
      "batchsize": 43.709901160657495,
      "acc": 0.09977777777777778,
      "loss": 14.509867483633537
    }
  },
  "4": {
    "0": {
      "name": 0,
      "learningrate": 0.01228,
      "dropout": 0.20859,
      "epoch": 6.76173,
      "batchsize": 47.61148,
      "acc": 0.8059814814814815,
      "loss": 0.5330589517399117
    },
    "1": {
      "name": 1,
      "learningrate": 0.01485,
      "dropout": 0.28096,
      "epoch": 9.03433,
      "batchsize": 39.73873,
      "acc": 0.804037037037037,
      "loss": 0.5695811514766128
    },
    "2": {
      "name": 2,
      "learningrate": 0.01485,
      "dropout": 0.20859,
      "epoch": 6.76173,
      "batchsize": 47.61148,
      "acc": 0.7977962962962963,
      "loss": 0.5602579902013143
    },
    "3": {
      "name": 3,
      "learningrate": 0.01484815443291117,
      "dropout": 0.20859330052312902,
      "epoch": 9.034329525588706,
      "batchsize": 47.61147551812651,
      "acc": 0.7830925925925926,
      "loss": 0.6141145197727063
    },
    "4": {
      "name": 4,
      "learningrate": 0.037496892480778574,
      "dropout": 0.10546477077790745,
      "epoch": 8.353283208106504,
      "batchsize": 63.27897579816466,
      "acc": 0.7108518518518518,