{
  "0": {
    "0": {
      "name": 0,
      "learningrate": 0.010476861290970054,
      "dropout": 0.1103485586436643,
      "epoch": 6.420580145729046,
      "batchsize": 63.53028618843396,
      "acc": 0.8297037037037037,
      "loss": 0.4955525668285511
    },
    "1": {
      "name": 1,
      "learningrate": 0.012737232726432693,
      "dropout": 0.3215655979362843,
      "epoch": 7.218856219576967,
      "batchsize": 59.44463294372795,
      "acc": 0.8111851851851852,
      "loss": 0.556251904019603
    },
    "2": {
      "name": 2,
      "learningrate": 0.024746922368719594,
      "dropout": 0.3046706816459233,
      "epoch": 5.175054524157882,
      "batchsize": 62.15835782383313,
      "acc": 0.7608888888888888,
      "loss": 0.6586700341789811
    },
    "3": {
      "name": 3,
      "learningrate": 0.04398992610376144,
      "dropout": 0.2758261850427084,
      "epoch": 5.315118750266375,
      "batchsize": 63.82115094837677,
      "acc": 0.6991111111111111,
      "loss": 0.8486503601427432
    },
    "4": {
      "name": 4,
      "learningrate": 0.061476009993949206,
      "dropout": 0.41075626991714975,
      "epoch": 8.202838296944094,
      "batchsize": 61.141471187754235,
      "acc": 0.49537037037037035,
      "loss": 8.097870886343497
    },
    "5": {
      "name": 5,
      "learningrate": 0.0566185273134818,
      "dropout": 0.30671480757441244,
      "epoch": 7.542549925343787,
      "batchsize": 43.9146541659272,
      "acc": 0.37933333333333336,
      "loss": 2.669181575068721
    },
    "6": {
      "name": 6,
      "learningrate": 0.06372438048719889,
      "dropout": 0.4681823792314529,
      "epoch": 8.268655488674492,
      "batchsize": 39.42974932202699,
      "acc": 0.23685185185185184,
      "loss": 12.298194598162615
    },
    "7": {
      "name": 7,
      "learningrate": 0.09920009305224803,
      "dropout": 0.4118729410525939,
      "epoch": 7.669566913904204,
      "batchsize": 55.18662225136081,
      "acc": 0.1993888888888889,
      "loss": 12.904326348198785
    },
    "8": {
      "name": 8,
      "learningrate": 0.09183450098165577,
      "dropout": 0.27864865498077696,
      "epoch": 7.979280447820008,
      "batchsize": 47.79278935830145,
      "acc": 0.10011111111111111,
      "loss": 14.50449479534008
    },
    "9": {
      "name": 9,
      "learningrate": 0.07204092809100966,
      "dropout": 0.14331914657993808,
      "epoch": 7.24053410447645,
      "batchsize": 34.10637983661591,
      "acc": 0.09996296296296296,
      "loss": 14.506882636741356
    }
  },
  "1": {
    "0": {
      "name": 0,
      "learningrate": 0.010476861290970054,
      "dropout": 0.1103485586436643,
      "epoch": 6.420580145729046,
      "batchsize": 63.53028618843396,
      "acc": 0.8306666666666667,
      "loss": 0.47772294365918194
    },
    "1": {
      "name": 1,
      "learningrate": 0.012737232726432693,
      "dropout": 0.3215655979362843,
      "epoch": 7.218856219576967,
      "batchsize": 59.44463294372795,
      "acc": 0.8231851851851851,
      "loss": 0.5151671094011377
    },
    "2": {
      "name": 2,
      "learningrate": 0.01285,
      "dropout": 0.30828,
      "epoch": 5.05942,
      "batchsize": 73.66124,
      "acc": 0.8072777777777778,
      "loss": 0.5615742416470139
    },
    "3": {
      "name": 3,
      "learningrate": 0.0152,
      "dropout": 0.39614,
      "epoch": 9.23112,
      "batchsize": 46.05487,
      "acc": 0.7942777777777777,
      "loss": 0.5929594174137822
    },
    "4": {
      "name": 4,
      "learningrate": 0.028878483824316868,
      "dropout": 0.07502394533088834,
      "epoch": 6.356240001156009,
      "batchsize": 46.94280592292992,
      "acc": 0.7821481481481481,
      "loss": 0.639483283025247
    },
    "5": {
      "name": 5,
      "learningrate": 0.08583967281121874,
      "dropout": 0.17015346126488481,
      "epoch": 7.246629559562569,
      "batchsize": 52.94681745911541,
      "acc": 0.10074074074074074,
      "loss": 14.49434634427671
    }
  },
  "2": {
    "0": {
      "name": 0,
      "learningrate": 0.010476861290970054,
      "dropout": 0.1103485586436643,
      "epoch": 6.420580145729046,
      "batchsize": 63.53028618843396,
      "acc": 0.8256851851851852,
      "loss": 0.5323870740069283
    },
    "1": {
      "name": 1,
      "learningrate": 0.01304,
      "dropout": 0.27013,
      "epoch": 5.54712,
      "batchsize": 77.24158,
      "acc": 0.8153888888888889,
      "loss": 0.5235573138925764
    },
    "2": {
      "name": 2,
      "learningrate": 0.01094,
      "dropout": 0.31714,
      "epoch": 3.80278,
      "batchsize": 47.08416,
      "acc": 0.8084074074074074,
      "loss": 0.5303385429117414
    },
    "3": {
      "name": 3,
      "learningrate": 0.012737232726432693,
      "dropout": 0.3215655979362843,
      "epoch": 7.218856219576967,
      "batchsize": 59.44463294372795,
      "acc": 0.8065,
      "loss": 0.5402431562035173
    },
    "4": {
      "name": 4,
      "learningrate": 0.08947492357680947,
      "dropout": 0.4633682074560351,
      "epoch": 8.497335100849291,
      "batchsize": 37.0267904944877,
      "acc": 0.19555555555555557,
      "loss": 12.96587991728606
    },
    "5": {
      "name": 5,
      "learningrate": 0.09746715723838463,
      "dropout": 0.1043617913706954,
      "epoch": 7.81225187075042,
      "batchsize": 52.68774209859775,
      "acc": 0.10011111111111111,
      "loss": 14.50449479534008
    }
  },
  "3": {
    "0": {
      "name": 0,
      "learningrate": 0.010476861290970054,
      "dropout": 0.1103485586436643,
      "epoch": 6.420580145729046,
      "batchsize": 63.53028618843396,
      "acc": 0.8262037037037037,
      "loss": 0.48029687941515886
    },
    "1": {
      "name": 1,
      "learningrate": 0.01305,
      "dropout": 0.12926,
      "epoch": 5.61063,
      "batchsize": 48.94673,
      "acc": 0.8175555555555556,
      "loss": 0.549112767846496
    },
    "2": {
      "name": 2,
      "learningrate": 0.01304,
      "dropout": 0.27013,
      "epoch": 5.54712,
      "batchsize": 77.24158,
      "acc": 0.815037037037037,
      "loss": 0.5320087464562169
    },
    "3": {
      "name": 3,
      "learningrate": 0.01419,
      "dropout": 0.324,
      "epoch": 6.85329,
      "batchsize": 53.56496,
      "acc": 0.8128148148148148,
      "loss": 0.5316225819322798
    },
    "4": {
      "name": 4,
      "learningrate": 0.0779154486420429,
      "dropout": 0.27631593106079705,
      "epoch": 8.860217737229984,
      "batchsize": 46.17898079586102,
      "acc": 0.199,
      "loss": 12.910594502201787
    },
    "5": {
      "name": 5,
      "learningrate": 0.08298325246899743,
      "dropout": 0.38301229958276556,
      "epoch": 7.965625098503596,
      "batchsize": 34.588380881650394,
      "acc": 0.10011111111111111,
      "loss": 14.50449479534008
    }
  },
  "4": {
    "0": {
      "name": 0,
      "learningrate": 0.01305,
      "dropout": 0.12926,
      "epoch": 5.61063,
      "batchsize": 48.94673,
      "acc": 0.8364074074074074,
      "loss": 0.4815581093187685
    },
    "1": {
      "name": 1,
      "learningrate": 0.00999,
      "dropout": 0.23876,
      "epoch": 6.04154,
      "batchsize": 99.23351,
      "acc": 0.8231666666666667,
      "loss": 0.4939026651735659
    },
    "2": {
      "name": 2,
      "learningrate": 0.010476861290970054,
      "dropout": 0.1103485586436643,
      "epoch": 6.420580145729046,
      "batchsize": 63.53028618843396,
      "acc": 0.8188333333333333,
      "loss": 0.5091018898089726
    },
    "3": {
      "name": 3,
      "learningrate": 0.01025,
      "dropout": 0.22371,
      "epoch": 5.40709,
      "batchsize": 67.27205,
      "acc": 0.7949259259259259,
      "loss": 0.5328905102588513
    },
    "4": {
      "name": 4,
      "learningrate": 0.04014363228603218,
      "dropout": 0.0751842208165671,
      "epoch": 6.448442440595522,
      "batchsize": 45.66401553232458,
      "acc": 0.7032407407407407,
      "loss": 0.7911023717279787
    },